date,obs,fc_d1,fc_d2,fc_d3
2024-02-01,0.1,0.0,0.0,0.0
2024-02-02,0.0,0.0,0.0,0.0
2024-02-03,0.0,0.0,0.0,0.0
2024-02-04,0.0,0.0,0.0,0.0
2024-02-05,0.0,0.0,0.0,0.0
2024-02-06,0.0,0.0,0.0,0.0
2024-02-07,0.0,0.0,0.0,0.0
2024-02-08,0.0,0.0,0.0,0.0
2024-02-09,0.0,0.0,0.0,0.0
2024-02-10,0.0,0.0,0.0,0.0
2024-02-11,4.2,1.2,3.2,2.4
2024-02-12,9.5,2.0,0.7,0.7000000000000001
2024-02-13,0.0,0.0,0.0,0.0
2024-02-14,0.0,0.0,0.0,0.0
2024-02-15,0.0,0.0,0.0,0.0
2024-02-16,1.4,0.0,0.0,0.0
2024-02-17,1.2,0.0,0.0,0.0
2024-02-18,0.0,0.0,0.0,0.0
2024-02-19,0.0,0.0,0.0,0.0
2024-02-20,0.0,0.0,0.0,0.0
2024-02-21,0.0,0.0,0.0,0.0
2024-02-22,0.0,0.0,0.0,0.0
2024-02-23,0.0,0.0,0.0,0.0
2024-02-24,0.0,0.0,0.0,0.0
2024-02-25,0.1,0.0,0.0,0.0
2024-02-26,0.8,0.0,0.0,2.5999999999999996
2024-02-27,1.2,5.4,8.4,5.2
2024-02-28,0.0,0.9,1.9000000000000001,0.30000000000000004
2024-02-29,0.0,0.0,0.0,0.0
2024-03-01,0.0,0.0,0.0,0.0
2024-03-02,0.6,0.0,0.0,0.0
2024-03-03,0.1,0.30000000000000004,1.4,1.4
2024-03-04,0.6,0.0,0.0,0.0
2024-03-05,0.0,0.0,0.0,0.0
2024-03-06,0.0,0.0,0.0,0.0
2024-03-07,0.0,0.0,0.0,0.0
2024-03-08,0.0,0.0,0.0,0.0
2024-03-09,0.0,0.0,0.0,0.0
2024-03-10,0.0,0.0,0.0,0.0
2024-03-11,0.0,0.0,0.0,0.0
2024-03-12,0.0,0.0,0.0,0.0
2024-03-13,0.0,0.0,0.0,0.0
2024-03-14,0.0,0.0,0.0,0.0
2024-03-15,0.0,0.0,0.0,0.0
2024-03-16,2.7,0.0,0.4,1.4
2024-03-17,0.5,0.4,2.7,1.1
2024-03-18,19.3,2.8,8.8,0.7
2024-03-19,13.8,2.5,46.4,10.4
2024-03-20,0.5,3.1,2.0,0.3
2024-03-21,0.0,0.0,0.0,0.1
2024-03-22,0.0,0.0,0.0,0.0
2024-03-23,0.0,0.0,0.0,0.0
2024-03-24,0.0,0.0,0.0,0.0
2024-03-25,0.0,0.0,0.0,0.0
2024-03-26,0.0,0.0,0.0,0.0
2024-03-27,0.0,0.0,0.0,0.0
2024-03-28,0.0,0.0,0.0,0.0
2024-03-29,0.0,0.0,0.0,0.0
2024-03-30,1.3,1.8,0.0,0.0
2024-03-31,0.4,0.30000000000000004,0.1,0.4
2024-04-01,0.0,0.0,0.0,0.30000000000000004
2024-04-02,0.0,0.0,0.0,0.0
2024-04-03,0.0,0.0,0.0,0.0
2024-04-04,0.0,0.0,0.0,0.0
2024-04-05,0.0,0.0,0.0,0.0
2024-04-06,0.0,0.0,0.0,0.0
2024-04-07,0.0,0.30000000000000004,0.1,0.0
2024-04-08,14.9,4.6,7.6,6.5
2024-04-09,20.1,0.1,1.4000000000000001,0.0
2024-04-10,1.1,1.7,0.1,0.0
2024-04-11,4.5,4.5,2.6,7.799999999999999
2024-04-12,0.8,2.6,0.0,0.7000000000000001
2024-04-13,0.8,1.8,0.0,1.3
2024-04-14,0.0,0.0,0.5,0.8
2024-04-15,0.3,0.0,0.1,0.0
2024-04-16,0.0,0.0,0.0,0.0
2024-04-17,0.0,0.0,0.1,0.0
2024-04-18,0.0,0.0,0.0,0.0
2024-04-19,0.0,0.0,0.0,0.0
2024-04-20,0.0,0.0,0.0,0.0
2024-04-21,0.0,0.0,0.2,0.0
2024-04-22,0.1,0.4,0.30000000000000004,0.1
2024-04-23,1.4,4.3,0.0,0.8
2024-04-24,0.2,0.1,0.0,0.1
2024-04-25,0.3,0.0,0.0,0.0
2024-04-26,0.0,0.1,0.30000000000000004,0.0
2024-04-27,0.0,0.4,0.4,0.0
2024-04-28,0.1,0.9,0.4,0.0
2024-04-29,0.2,0.0,0.2,0.0
2024-04-30,0.0,0.0,0.0,0.0
2024-05-01,0.0,0.0,0.0,0.0
2024-05-02,0.0,0.0,0.0,0.0
2024-05-03,0.0,0.0,0.0,0.0
2024-05-04,0.0,0.0,0.0,0.0
2024-05-05,0.0,0.0,0.0,0.0
2024-05-06,0.0,0.39999999999999997,0.0,0.3
2024-05-07,0.3,4.5,0.8999999999999999,3.7
2024-05-08,0.1,0.0,2.4000000000000004,0.5
2024-05-09,0.5,0.7,4.2,1.5
2024-05-10,2.2,1.2,0.30000000000000004,1.2
2024-05-11,11.3,0.0,0.1,0.8
2024-05-12,3.4,0.0,0.2,1.7
2024-05-13,1.0,0.2,0.0,0.1
2024-05-14,0.0,0.0,0.0,0.7
2024-05-15,0.0,1.1,0.0,0.1
2024-05-16,10.8,0.0,0.8999999999999999,1.0
2024-05-17,0.5,0.6,0.0,0.0
2024-05-18,1.6,0.0,0.0,0.0
2024-05-19,5.3,0.0,0.7,0.9
2024-05-20,0.0,0.1,0.0,0.9
2024-05-21,4.0,0.0,0.0,0.0
2024-05-22,0.0,0.0,0.1,0.1
2024-05-23,0.0,0.0,0.0,0.0
2024-05-24,0.0,0.0,0.0,0.0
2024-05-25,1.9,0.0,0.0,0.0
2024-05-26,0.0,0.0,0.0,0.3
2024-05-27,0.0,0.0,0.0,0.0
2024-05-28,0.0,0.0,0.0,0.0
2024-05-29,0.0,0.0,0.0,0.0
2024-05-30,0.0,0.0,0.0,0.0
2024-05-31,0.0,0.0,0.0,0.0
2024-06-01,0.0,0.0,0.0,0.0
2024-06-02,4.3,0.2,0.0,0.0
2024-06-03,0.0,0.0,0.5,0.1
2024-06-04,11.1,1.0,1.8,0.1
2024-06-05,0.0,0.0,2.0,0.0
2024-06-06,1.5,0.0,0.0,1.0
2024-06-07,0.1,0.1,0.0,0.0
2024-06-08,0.2,0.5,0.0,0.0
2024-06-09,0.2,0.0,0.9,0.0
2024-06-10,0.0,0.1,0.0,0.30000000000000004
2024-06-11,0.5,0.0,0.0,0.0
2024-06-12,0.5,0.2,0.2,0.0
2024-06-13,1.8,5.0,0.0,1.0
2024-06-14,5.0,1.6,0.6,0.0
2024-06-15,6.3,0.6,0.2,0.6
2024-06-16,6.5,3.2,1.6,4.6
2024-06-17,0.4,1.0,0.0,2.9
2024-06-18,2.1,10.700000000000001,0.8,1.1
2024-06-19,15.4,1.5,2.0999999999999996,6.2
2024-06-20,12.1,0.6000000000000001,3.0,0.5
2024-06-21,46.9,8.0,2.5,2.2
2024-06-22,27.2,0.9,1.1,2.9
2024-06-23,0.7,3.1,5.1,0.7
2024-06-24,1.2,0.5,0.1,0.8
2024-06-25,4.6,0.0,0.6,1.0
2024-06-26,2.3,0.2,1.6,0.1
2024-06-27,18.9,4.8,26.900000000000002,10.4
2024-06-28,10.4,11.0,3.6,3.6
2024-06-29,29.3,6.5,5.2,10.2
2024-06-30,27.5,7.6,15.5,12.6
2024-07-01,8.0,3.1,1.7,1.5
2024-07-02,12.0,6.3,0.1,1.7000000000000002
2024-07-03,20.3,10.8,0.2,1.7999999999999998
2024-07-04,14.0,21.7,3.5,18.5
2024-07-05,1.2,2.8,0.1,3.5
2024-07-06,3.4,0.8,0.1,0.0
2024-07-07,14.9,6.6,3.0,7.7
2024-07-08,23.2,5.7,16.6,3.3
2024-07-09,13.8,5.5,3.5,23.1
2024-07-10,1.5,6.4,1.4,12.5
2024-07-11,2.5,6.3,4.0,23.4
2024-07-12,15.5,11.2,22.2,16.0
2024-07-13,27.5,5.3,31.8,3.3
2024-07-14,57.7,4.9,9.2,12.6
2024-07-15,19.7,10.2,9.8,11.0
2024-07-16,7.0,21.1,24.8,13.7
2024-07-17,8.3,7.1000000000000005,6.9,5.0
2024-07-18,9.3,12.5,8.1,19.0
2024-07-19,14.4,7.8,8.6,27.599999999999998
2024-07-20,40.8,18.1,17.2,11.5
2024-07-21,26.1,9.9,10.0,9.2
2024-07-22,41.9,12.1,10.4,28.2
2024-07-23,19.4,115.2,42.8,61.5
2024-07-24,56.3,11.5,35.4,64.8
2024-07-25,24.0,10.4,0.8,26.3
2024-07-26,10.0,14.5,8.6,4.8
2024-07-27,40.7,44.5,6.9,6.3
2024-07-28,2.9,1.3,0.6000000000000001,7.8
2024-07-29,4.2,0.1,0.9,0.5
2024-07-30,12.1,2.8,3.0999999999999996,9.8
2024-07-31,20.9,20.4,20.5,60.0
2024-08-01,17.1,9.4,9.4,12.5
2024-08-02,35.9,8.2,21.400000000000002,64.4
2024-08-03,20.5,26.3,4.7,45.800000000000004
2024-08-04,7.9,8.8,2.6,7.5
2024-08-05,11.6,2.4,0.6000000000000001,0.4
2024-08-06,19.4,8.9,12.600000000000001,4.6
2024-08-07,44.7,16.7,38.6,30.099999999999998
2024-08-08,44.2,6.6,2.5,7.7
2024-08-09,20.3,7.2,6.7,1.2
2024-08-10,5.2,5.3,9.3,1.5
2024-08-11,9.5,17.6,4.2,7.1000000000000005
2024-08-12,7.8,6.4,3.4,0.7000000000000001
2024-08-13,0.2,7.2,8.9,3.2
2024-08-14,17.7,8.700000000000001,8.8,3.6
2024-08-15,36.5,7.7,14.4,7.2
2024-08-16,19.7,4.6000000000000005,2.0999999999999996,8.7
2024-08-17,4.3,6.5,1.2,1.7
2024-08-18,13.8,13.9,12.7,18.3
2024-08-19,11.7,5.1,21.5,23.9
2024-08-20,24.8,5.1,16.5,8.1
2024-08-21,14.3,3.3,11.700000000000001,22.0
2024-08-22,35.4,23.3,18.3,6.1000000000000005
2024-08-23,13.5,4.7,11.4,9.1
2024-08-24,15.9,14.0,6.8,12.5
2024-08-25,12.5,2.4000000000000004,7.4,7.0
2024-08-26,7.5,0.8,1.2,0.1
2024-08-27,2.3,0.0,1.5999999999999999,1.4
2024-08-28,25.3,2.3,1.2,1.7000000000000002
2024-08-29,21.4,5.5,1.7,19.1
2024-08-30,22.0,12.3,14.4,23.400000000000002
2024-08-31,3.7,20.4,3.5,20.900000000000002
2024-09-01,2.4,10.1,6.6,21.099999999999998
2024-09-02,1.9,12.1,2.7,9.4
2024-09-03,1.2,17.6,2.5,2.0
2024-09-04,17.1,5.9,0.4,2.7
2024-09-05,20.8,11.6,11.8,6.2
2024-09-06,16.2,6.2,5.5,31.799999999999997
2024-09-07,6.0,5.6,12.3,16.2
2024-09-08,38.7,12.4,7.1,14.6
2024-09-09,63.6,47.2,20.6,20.1
2024-09-10,52.3,40.5,28.4,5.1
2024-09-11,1.4,2.0,7.0,0.7
2024-09-12,0.3,2.8,8.2,7.4
2024-09-13,5.9,3.7,5.7,2.4
2024-09-14,10.4,9.7,3.9,2.4
2024-09-15,2.3,1.4,0.1,1.2
2024-09-16,27.8,3.6,2.2,7.2
2024-09-17,21.9,2.3,4.5,9.1
2024-09-18,0.2,0.9,0.5,0.5
2024-09-19,0.2,0.39999999999999997,2.6,0.9
2024-09-20,5.1,10.9,2.4,1.8
2024-09-21,2.2,0.7,7.6000000000000005,3.7
2024-09-22,2.0,6.3,4.9,2.1
2024-09-23,11.1,11.4,9.899999999999999,8.5
2024-09-24,12.9,17.3,40.9,22.4
2024-09-25,14.4,6.2,26.1,27.1
2024-09-26,48.3,30.7,13.7,57.5
2024-09-27,28.3,18.599999999999998,14.5,4.9
2024-09-28,0.5,1.2,1.2000000000000002,0.1
2024-09-29,4.5,5.5,1.1,6.2
2024-09-30,2.9,0.0,0.9,2.0
2024-10-01,0.6,0.4,1.5,2.8
2024-10-02,0.2,0.0,0.0,0.1
2024-10-03,0.0,0.0,0.0,7.3
2024-10-04,0.0,0.0,0.0,0.0
2024-10-05,0.0,0.0,0.0,0.0
2024-10-06,0.0,0.0,0.0,0.0
2024-10-07,0.6,0.0,0.0,0.0
2024-10-08,2.8,4.0,0.1,0.30000000000000004
2024-10-09,2.8,0.9,7.8,0.2
2024-10-10,0.2,0.39999999999999997,2.6,6.1
2024-10-11,0.8,0.39999999999999997,0.0,0.6
2024-10-12,0.6,0.2,0.39999999999999997,0.5
2024-10-13,0.0,0.7,0.7,0.1
2024-10-14,0.1,0.1,0.7,3.8
2024-10-15,0.0,0.0,0.0,0.0
2024-10-16,0.2,1.1,3.0,6.5
2024-10-17,0.3,0.2,1.8,2.9000000000000004
2024-10-18,0.1,0.0,0.8,0.6
2024-10-19,4.2,8.1,0.1,0.0
2024-10-20,1.0,0.0,1.6,0.6000000000000001
2024-10-21,0.1,0.0,0.0,1.5
2024-10-22,0.0,0.0,0.0,0.0
2024-10-23,0.0,0.0,0.0,0.0
2024-10-24,0.0,0.0,0.0,0.0
2024-10-25,0.0,0.1,0.2,0.0
2024-10-26,0.0,0.0,0.4,0.0
2024-10-27,0.1,0.2,2.1,1.6
2024-10-28,7.9,0.0,6.1,0.8
2024-10-29,1.0,0.5,0.0,1.5
2024-10-30,2.0,0.0,3.7,0.1
2024-10-31,0.3,0.0,0.0,4.7
2024-11-01,0.0,0.0,0.0,0.0
2024-11-02,0.0,0.0,0.0,0.0
2024-11-03,0.0,0.0,0.0,0.0
2024-11-04,0.0,0.0,0.0,0.0
2024-11-05,0.0,0.0,0.0,0.0
2024-11-06,0.0,0.0,0.0,0.0
2024-11-07,0.0,0.0,0.0,0.0
2024-11-08,0.0,0.0,0.0,0.0
2024-11-09,0.0,0.0,0.0,0.0
2024-11-10,0.1,0.0,0.0,0.0
2024-11-11,0.1,0.0,0.0,0.0
2024-11-12,0.0,0.0,0.0,0.0
2024-11-13,0.0,0.0,0.0,0.0
2024-11-14,0.0,0.0,0.0,0.0
2024-11-15,0.0,0.0,0.0,0.0
2024-11-16,0.0,0.0,0.0,0.0
2024-11-17,0.0,0.0,0.0,0.0
2024-11-18,0.0,0.0,0.0,0.0
2024-11-19,0.0,0.0,0.0,0.0
2024-11-20,0.0,0.0,0.0,0.0
2024-11-21,0.0,0.0,0.0,0.0
2024-11-22,0.0,0.0,0.0,0.0
2024-11-23,0.0,0.0,0.0,0.0
2024-11-24,0.0,0.0,0.0,0.0
2024-11-25,0.0,0.0,0.0,0.0
2024-11-26,0.0,0.0,0.0,0.0
2024-11-27,0.0,0.0,0.0,0.0
2024-11-28,0.0,0.0,0.0,0.0
2024-11-29,0.0,0.0,0.0,0.0
2024-11-30,0.2,0.0,0.0,0.0
2024-12-01,0.1,2.4000000000000004,0.0,0.0
2024-12-02,7.1,0.2,0.0,0.0
2024-12-03,0.8,0.0,0.0,0.0
2024-12-04,0.2,0.0,0.0,0.0
2024-12-05,0.0,0.0,0.0,0.0
2024-12-06,0.0,0.0,0.0,0.0
2024-12-07,0.0,0.0,0.0,0.0
2024-12-08,0.8,1.6,0.2,0.5
2024-12-09,2.4,0.7,2.1,4.2
2024-12-10,0.0,0.0,0.0,0.0
2024-12-11,0.0,0.0,0.0,0.0
2024-12-12,0.0,0.0,0.0,0.0
2024-12-13,0.0,0.0,0.0,0.0
2024-12-14,0.0,0.0,0.0,0.0
2024-12-15,0.0,0.0,0.0,0.0
2024-12-16,0.0,0.0,0.0,0.0
2024-12-17,0.0,0.0,0.0,0.0
2024-12-18,0.0,0.0,0.0,0.0
2024-12-19,0.0,0.0,0.0,0.0
2024-12-20,0.2,0.0,0.0,0.0
2024-12-21,0.2,0.0,0.0,0.0
2024-12-22,0.4,0.0,0.0,0.0
2024-12-23,0.0,0.0,0.0,0.0
2024-12-24,0.0,0.0,0.0,0.0
2024-12-25,0.0,0.0,0.0,0.0
2024-12-26,0.0,0.0,0.0,0.0
2024-12-27,0.0,0.0,0.0,0.0
2024-12-28,0.9,6.0,8.6,11.1
2024-12-29,0.0,0.30000000000000004,4.3,1.1
2024-12-30,0.0,0.0,0.0,0.0
2024-12-31,0.0,0.0,0.0,0.0
2025-01-01,0.0,0.0,0.0,0.0
2025-01-02,0.0,0.0,0.0,0.0
2025-01-03,0.0,0.0,0.0,0.0
2025-01-04,0.0,0.0,0.0,0.0
2025-01-05,0.0,0.0,0.0,0.0
2025-01-06,0.0,0.0,0.0,0.0
2025-01-07,0.0,0.0,0.0,0.0
2025-01-08,0.0,0.0,0.0,0.0
2025-01-09,0.0,0.0,0.0,0.0
2025-01-10,0.0,0.0,0.0,0.0
2025-01-11,0.0,0.0,0.0,0.0
2025-01-12,0.0,0.0,0.0,0.0
2025-01-13,0.0,0.0,0.0,0.0
2025-01-14,0.0,0.0,0.0,0.0
2025-01-15,0.0,0.0,0.0,0.0
2025-01-16,0.0,0.0,0.0,0.0
2025-01-17,0.0,0.0,0.0,0.0
2025-01-18,0.0,0.0,0.0,0.0
2025-01-19,0.0,0.0,0.0,0.0
2025-01-20,0.0,0.0,0.0,0.0
2025-01-21,0.0,0.0,0.0,0.0
2025-01-22,0.0,0.0,0.0,0.0
2025-01-23,0.0,0.0,0.0,0.0
2025-01-24,0.0,0.0,0.0,0.0
2025-01-25,0.0,0.0,0.0,0.0
2025-01-26,0.0,0.0,0.0,0.0
2025-01-27,0.0,0.0,0.0,0.0
2025-01-28,0.0,0.0,0.0,0.0
2025-01-29,0.0,0.0,0.0,0.0
2025-01-30,0.0,0.0,0.0,0.0
2025-01-31,0.0,0.0,0.0,0.0
2025-02-01,0.0,0.0,0.0,0.0
2025-02-02,0.0,0.0,0.0,0.0
2025-02-03,0.0,0.0,0.0,0.0
2025-02-04,0.0,0.0,0.0,0.0
2025-02-05,0.0,0.0,0.0,0.0
2025-02-06,0.0,0.0,0.0,0.0
2025-02-07,0.0,0.0,0.0,0.0
2025-02-08,0.0,0.0,0.0,0.0
2025-02-09,0.0,0.0,0.0,0.0
2025-02-10,0.0,0.0,0.0,0.0
2025-02-11,0.0,0.0,0.0,0.0
2025-02-12,0.0,0.0,0.0,0.0
2025-02-13,0.0,0.0,0.0,0.0
2025-02-14,0.0,0.0,0.0,0.0
2025-02-15,0.0,0.0,0.0,0.0
2025-02-16,0.0,0.0,0.0,0.0
2025-02-17,0.0,0.0,0.0,0.0
2025-02-18,0.0,0.0,0.0,0.0
2025-02-19,0.0,0.0,0.0,0.0
2025-02-20,0.0,0.0,0.0,0.0
2025-02-21,0.0,0.0,0.0,0.0
2025-02-22,0.0,0.0,0.0,0.0
2025-02-23,0.0,0.0,0.0,0.0
2025-02-24,0.0,0.0,0.0,0.0
2025-02-25,0.0,0.0,0.0,0.0
2025-02-26,0.0,0.0,0.0,0.0
2025-02-27,0.0,0.0,0.0,0.0
2025-02-28,0.0,0.0,0.0,0.0
2025-03-01,0.0,0.0,0.0,0.0
2025-03-02,0.0,0.0,0.0,0.0
2025-03-03,0.0,0.0,0.0,0.0
2025-03-04,0.0,0.0,0.0,0.0
2025-03-05,0.0,0.0,0.0,0.0
2025-03-06,0.0,0.0,0.0,0.0
2025-03-07,0.0,0.0,0.0,0.0
2025-03-08,0.0,0.0,0.0,0.0
2025-03-09,0.0,0.0,0.0,0.0
2025-03-10,0.0,0.0,0.0,0.0
2025-03-11,0.0,0.0,0.0,0.0
2025-03-12,0.0,0.0,0.0,0.0
2025-03-13,0.0,0.0,0.0,0.0
2025-03-14,0.0,0.0,0.0,0.0
2025-03-15,0.0,0.0,0.0,0.0
2025-03-16,0.0,0.0,0.0,0.0
2025-03-17,0.0,0.0,0.0,0.0
2025-03-18,0.0,0.0,0.0,0.0
2025-03-19,0.0,0.0,0.0,0.0
2025-03-20,0.0,0.0,0.0,0.0
2025-03-21,0.3,1.6,0.1,0.4
2025-03-22,0.2,3.1,9.1,5.3
2025-03-23,0.2,0.0,0.2,0.1
2025-03-24,0.0,0.0,0.0,0.0
2025-03-25,0.0,0.0,0.0,0.0
2025-03-26,0.0,0.0,0.0,0.0
2025-03-27,0.0,0.0,0.0,0.0
2025-03-28,0.0,0.0,0.0,0.0
2025-03-29,0.0,0.0,0.0,0.0
2025-03-30,0.0,0.0,0.0,0.0
2025-03-31,0.0,0.0,0.0,0.0
2025-04-01,0.0,0.0,0.0,0.0
2025-04-02,0.0,0.0,0.0,0.1
2025-04-03,0.1,0.0,2.0,0.1
2025-04-04,0.0,0.1,0.0,0.0
2025-04-05,0.0,0.0,0.0,0.0
2025-04-06,0.0,0.0,0.0,0.0
2025-04-07,0.0,0.0,0.0,0.0
2025-04-08,0.0,0.0,0.0,0.30000000000000004
2025-04-09,0.0,0.0,0.0,0.0
2025-04-10,0.0,0.2,1.5,0.0
2025-04-11,0.0,0.0,0.0,0.0
2025-04-12,0.0,0.1,0.0,0.0
2025-04-13,0.0,0.1,1.1,0.30000000000000004
2025-04-14,0.0,0.2,0.6000000000000001,1.1
2025-04-15,0.0,0.2,0.0,0.7
2025-04-16,0.0,0.0,0.0,0.0
2025-04-17,0.0,0.0,0.0,0.0
2025-04-18,0.0,0.0,0.0,0.0
2025-04-19,0.0,0.0,0.0,0.0
2025-04-20,0.0,0.0,0.0,0.0
2025-04-21,0.0,0.0,0.0,0.0
2025-04-22,0.0,0.0,0.0,0.0
2025-04-23,0.0,0.0,0.0,0.0
2025-04-24,0.0,0.0,0.0,0.0
2025-04-25,0.0,0.0,0.0,0.0
2025-04-26,0.0,0.0,0.2,0.0
2025-04-27,0.0,0.4,3.3000000000000003,0.0
2025-04-28,7.0,0.0,0.3,0.0
2025-04-29,0.5,0.0,0.0,0.0
2025-04-30,2.3,0.0,0.1,0.0
2025-05-01,6.2,1.4,2.4000000000000004,0.1
2025-05-02,0.0,0.2,0.0,3.3
2025-05-03,1.5,0.0,3.4,1.3
2025-05-04,0.0,0.7,0.30000000000000004,0.4
2025-05-05,0.0,0.7,0.0,0.0
2025-05-06,0.0,0.0,0.1,0.0
2025-05-07,0.0,0.0,0.0,0.0
2025-05-08,0.0,0.0,0.1,0.0
2025-05-09,0.0,0.2,0.0,0.0
2025-05-10,0.1,0.0,0.0,0.30000000000000004
2025-05-11,0.0,3.0,0.0,0.1
2025-05-12,1.2,0.0,1.5,2.3
2025-05-13,0.1,0.6,3.0,0.2
2025-05-14,0.1,0.0,0.6000000000000001,0.0
2025-05-15,0.3,0.0,0.0,0.0
2025-05-16,1.6,0.0,0.0,0.0
2025-05-17,8.7,0.4,0.0,0.0
2025-05-18,3.8,0.5,0.0,0.0
2025-05-19,0.0,0.6,0.0,0.0
2025-05-20,0.0,0.0,0.5,1.9000000000000001
2025-05-21,0.0,0.8,3.7,1.6
2025-05-22,0.8,0.0,3.6999999999999997,3.1
2025-05-23,2.4,0.30000000000000004,1.0,5.6
2025-05-24,4.5,3.1,9.5,1.2
2025-05-25,4.6,3.0,2.0,4.1
2025-05-26,1.6,3.4000000000000004,3.6,3.6
2025-05-27,6.5,6.800000000000001,6.4,0.8
2025-05-28,2.4,2.0,1.1,3.2
2025-05-29,0.2,1.4,0.0,7.3999999999999995
2025-05-30,0.1,1.2,4.300000000000001,1.1
2025-05-31,0.7,1.3,1.5999999999999999,0.0
2025-06-01,0.0,0.0,0.0,0.0
2025-06-02,0.2,0.2,0.0,0.0
2025-06-03,0.0,0.0,0.0,0.0
2025-06-04,0.0,0.7000000000000001,0.30000000000000004,0.1
2025-06-05,0.6,0.0,0.4,0.8
2025-06-06,0.0,0.0,0.1,0.1
2025-06-07,0.0,0.0,0.0,0.1
2025-06-08,0.0,0.0,0.0,0.0
2025-06-09,0.0,0.0,0.0,0.0
2025-06-10,0.0,0.0,0.6,0.0
2025-06-11,0.0,0.0,1.0,0.4
2025-06-12,0.3,0.0,0.8,1.2999999999999998
2025-06-13,0.1,2.4,0.0,3.6
2025-06-14,0.6,3.1999999999999997,4.5,0.5
2025-06-15,0.1,4.5,2.3,29.9
2025-06-16,0.2,0.6,63.1,76.0
2025-06-17,6.9,10.799999999999999,2.6,6.3
2025-06-18,2.2,7.6,21.7,65.9
2025-06-19,14.4,12.4,5.1,14.2
2025-06-20,5.4,5.7,10.6,3.1
2025-06-21,0.0,0.1,0.4,0.0
2025-06-22,15.6,1.4000000000000001,0.5,0.4
2025-06-23,5.4,7.2,0.0,0.7
2025-06-24,26.6,19.099999999999998,0.5,5.1
2025-06-25,12.5,5.9,2.1,83.0
2025-06-26,20.1,5.6000000000000005,1.1,4.8
2025-06-27,3.1,3.3000000000000003,0.0,12.7
2025-06-28,1.6,2.2,0.0,5.3
2025-06-29,1.6,1.6,2.1,1.1
2025-06-30,12.5,5.4,4.2,1.7999999999999998
2025-07-01,43.9,15.6,3.3,6.3
2025-07-02,6.8,2.9,0.9,0.30000000000000004
2025-07-03,15.9,8.1,3.8000000000000003,0.7
2025-07-04,22.1,36.2,0.8,0.9
2025-07-05,3.4,4.4,21.6,3.2
2025-07-06,29.3,20.8,24.7,19.7
2025-07-07,51.3,19.6,9.7,58.0
2025-07-08,10.2,4.1,16.2,24.0
2025-07-09,29.7,21.8,15.4,0.9
2025-07-10,7.7,14.6,74.0,49.9
2025-07-11,11.4,20.400000000000002,48.9,1.9
2025-07-12,4.0,1.6,5.5,3.8
2025-07-13,1.5,1.0,0.1,2.1
2025-07-14,3.7,11.9,5.4,3.9
2025-07-15,3.8,17.8,3.8,2.2
2025-07-16,14.8,10.6,9.4,2.3000000000000003
2025-07-17,7.3,12.0,8.8,8.1
2025-07-18,0.3,1.9000000000000001,1.5,7.7
2025-07-19,0.2,0.2,0.1,5.9
2025-07-20,24.5,48.1,72.5,5.6
2025-07-21,27.5,13.4,20.6,74.4
2025-07-22,14.9,6.1,22.900000000000002,36.0
2025-07-23,17.9,8.700000000000001,24.2,22.5
2025-07-24,11.2,15.700000000000001,27.4,24.5
2025-07-25,36.4,29.3,69.4,70.60000000000001
2025-07-26,14.6,30.6,37.8,88.9
2025-07-27,1.2,2.0,2.1,1.4
2025-07-28,2.4,2.6,2.6,2.1
2025-07-29,13.5,13.2,13.0,9.5
2025-07-30,1.4,2.5,18.0,18.8
2025-07-31,0.6,1.1,5.9,12.6
2025-08-01,0.4,8.5,3.0,1.2
2025-08-02,0.4,7.0,5.0,2.2
2025-08-03,0.0,0.7000000000000001,0.2,0.5
2025-08-04,0.0,0.0,1.9,0.2
2025-08-05,0.2,0.1,0.0,0.2
2025-08-06,2.6,0.0,0.0,0.0
2025-08-07,0.1,0.8,0.0,0.0
2025-08-08,1.8,2.5,10.3,6.8
2025-08-09,0.3,0.0,1.1,6.8
2025-08-10,0.3,0.5,0.0,0.8999999999999999
2025-08-11,0.9,0.9,0.6,0.2
2025-08-12,8.5,5.800000000000001,5.6,11.7
2025-08-13,23.3,8.8,10.8,23.099999999999998
2025-08-14,5.0,7.0,7.7,4.5
2025-08-15,14.5,18.3,24.9,20.400000000000002
2025-08-16,12.3,0.9,24.6,35.1
2025-08-17,11.6,0.6,1.1,11.1
2025-08-18,19.6,14.7,15.1,5.2
2025-08-19,14.7,20.2,14.9,22.7
2025-08-20,12.4,1.4000000000000001,2.1,0.8999999999999999
2025-08-21,4.9,1.0,6.0,1.4
2025-08-22,20.2,51.4,16.5,12.4
2025-08-23,9.9,65.2,8.1,7.3999999999999995
2025-08-24,4.0,44.4,11.3,5.4
2025-08-25,19.3,32.699999999999996,67.0,3.6
2025-08-26,9.6,20.1,6.8,0.5
2025-08-27,4.8,6.5,17.0,4.4
2025-08-28,8.5,12.7,8.1,0.4
2025-08-29,3.2,3.0,1.1,6.8
2025-08-30,1.7,0.5,0.6000000000000001,1.6
2025-08-31,12.0,5.8,5.2,1.6
2025-09-01,7.8,7.9,17.1,2.6
2025-09-02,24.4,15.5,32.6,4.2
2025-09-03,12.9,25.5,19.3,31.900000000000002
2025-09-04,15.6,9.200000000000001,7.1,0.8
2025-09-05,3.4,5.8,0.2,0.6000000000000001
2025-09-06,2.7,3.8000000000000003,4.7,4.8
2025-09-07,4.5,17.9,8.2,5.9
2025-09-08,3.6,11.6,2.0,3.0
2025-09-09,6.5,11.8,4.7,3.6999999999999997
2025-09-10,8.3,12.0,17.5,8.100000000000001
2025-09-11,8.5,9.5,5.8,11.8
2025-09-12,13.0,11.0,15.6,24.1
2025-09-13,1.5,10.8,22.1,1.0
2025-09-14,1.5,11.1,22.099999999999998,15.3
2025-09-15,30.0,34.0,14.600000000000001,11.799999999999999
2025-09-16,12.2,8.3,11.299999999999999,5.8
2025-09-17,1.3,14.8,5.8999999999999995,13.1
2025-09-18,0.9,1.8,3.0,6.3
2025-09-19,1.6,0.6,1.0,4.7
2025-09-20,0.6,1.6,0.0,2.5
2025-09-21,6.0,5.6,1.2999999999999998,4.3999999999999995
2025-09-22,9.4,0.0,0.0,0.0
2025-09-23,0.0,0.0,0.0,0.0
2025-09-24,60.1,0.1,0.0,0.0
2025-09-25,11.1,16.3,9.2,0.5
2025-09-26,12.9,34.5,28.3,30.599999999999998
2025-09-27,26.6,25.7,23.099999999999998,15.5
2025-09-28,1.5,9.2,7.4,8.2
2025-09-29,2.6,1.8,0.0,0.0
2025-09-30,1.3,13.3,15.8,9.5
2025-10-01,3.7,3.2,5.2,10.1
2025-10-02,13.9,11.1,15.8,2.8
2025-10-03,40.4,3.9000000000000004,25.5,18.6
2025-10-04,9.5,4.0,4.4,7.4
2025-10-05,14.9,2.3,1.7000000000000002,0.7
2025-10-06,8.9,4.5,7.4,19.3
2025-10-07,3.1,1.3,10.1,8.0
2025-10-08,2.2,3.2,0.30000000000000004,0.0
2025-10-09,4.1,3.2,0.5,1.7
2025-10-10,9.8,3.9,1.5,0.6000000000000001
2025-10-11,5.8,4.0,2.6,1.7000000000000002
2025-10-12,0.1,0.1,1.0,1.3
2025-10-13,0.0,0.0,0.2,0.0
2025-10-14,0.7,0.0,0.0,0.1
2025-10-15,0.0,0.0,0.8,0.9
2025-10-16,0.0,0.0,0.0,1.5
2025-10-17,0.0,0.0,0.0,0.0
2025-10-18,0.0,0.0,0.0,0.0
2025-10-19,0.0,0.0,0.0,0.0
2025-10-20,1.0,4.0,5.6,1.6
2025-10-21,0.5,0.1,0.0,1.8000000000000003
2025-10-22,0.0,0.0,0.0,0.0
2025-10-23,0.0,0.0,0.0,0.0
2025-10-24,0.0,0.0,0.0,0.0
2025-10-25,2.5,0.0,0.0,0.3
2025-10-26,2.1,0.2,0.4,1.0
2025-10-27,0.1,0.0,0.0,0.0
2025-10-28,7.1,0.7000000000000001,0.7,0.0
2025-10-29,9.2,8.7,13.6,3.4000000000000004
2025-10-30,18.4,7.1000000000000005,5.6,18.7
2025-10-31,14.7,9.9,0.4,7.8
2025-11-01,1.6,0.1,1.1,0.2
2025-11-02,0.2,0.0,0.30000000000000004,0.4
2025-11-03,0.4,0.0,0.0,0.5
2025-11-04,0.0,0.0,0.0,0.0
2025-11-05,0.0,0.0,0.0,0.1
2025-11-06,0.1,0.0,0.0,0.0
2025-11-07,0.0,0.0,0.0,0.0
2025-11-08,0.0,0.0,0.0,0.0
2025-11-09,0.0,0.0,0.0,0.0
2025-11-10,0.0,0.0,0.0,0.0
2025-11-11,0.0,0.0,0.0,0.0
2025-11-12,0.0,0.0,0.0,0.0
2025-11-13,0.0,0.0,0.0,0.0
2025-11-14,0.0,0.0,0.0,0.0
2025-11-15,0.0,0.0,0.0,0.0
2025-11-16,0.0,0.0,0.0,0.0
2025-11-17,0.0,0.0,0.0,0.0
2025-11-18,0.0,0.0,0.0,0.0
2025-11-19,0.0,0.0,0.0,0.0
2025-11-20,0.0,0.0,0.0,0.0
2025-11-21,0.0,0.0,0.0,0.0
2025-11-22,0.0,0.0,0.0,0.0
2025-11-23,0.0,0.0,0.0,0.0
2025-11-24,0.0,0.0,0.0,0.0
2025-11-25,0.0,0.0,0.0,0.0
2025-11-26,0.0,0.0,0.0,0.0
2025-11-27,0.0,0.0,0.0,0.0
2025-11-28,0.0,0.0,0.0,0.0
2025-11-29,0.0,0.0,0.0,0.0
2025-11-30,0.0,0.0,0.0,0.0
2025-12-01,0.0,0.0,0.0,0.0
2025-12-02,0.0,0.0,0.0,0.0
2025-12-03,0.0,0.0,0.0,0.0
2025-12-04,0.0,0.0,0.0,0.0
2025-12-05,0.0,0.0,0.0,0.0
2025-12-06,0.0,0.0,0.0,0.0
2025-12-07,0.0,0.0,0.0,0.0
2025-12-08,0.0,0.0,0.0,0.0
2025-12-09,0.0,0.0,0.0,0.0
2025-12-10,0.0,0.0,0.0,0.0
2025-12-11,0.0,0.0,0.0,0.0
2025-12-12,0.0,0.0,0.0,0.0
2025-12-13,0.0,0.0,0.0,0.0
2025-12-14,0.0,0.0,0.0,0.0
2025-12-15,0.0,0.0,0.0,0.0
2025-12-16,0.0,0.0,0.0,0.0
2025-12-17,0.0,0.0,0.0,0.0
2025-12-18,0.0,0.0,0.0,0.0
2025-12-19,0.0,0.0,0.0,0.0
2025-12-20,0.0,0.0,0.0,0.0
2025-12-21,0.0,0.0,0.0,0.0
2025-12-22,0.0,0.0,0.0,0.0
2025-12-23,0.0,0.0,0.0,0.0
2025-12-24,0.0,0.0,0.0,0.0
2025-12-25,0.0,0.0,0.0,0.0
2025-12-26,0.0,0.0,0.0,0.0
2025-12-27,0.0,0.0,0.0,0.0
2025-12-28,0.0,0.0,0.0,0.0
2025-12-29,0.0,0.0,0.0,0.0
2025-12-30,0.0,0.0,0.0,0.0
2025-12-31,0.0,0.0,0.0,0.0
2026-01-01,0.0,0.0,0.0,0.0
2026-01-02,0.0,0.0,0.0,0.0
2026-01-03,0.0,0.0,0.0,0.0
2026-01-04,0.0,0.0,0.0,0.0
2026-01-05,0.0,0.0,0.0,0.0
2026-01-06,0.0,0.0,0.0,0.0
2026-01-07,0.0,0.0,0.0,0.0
2026-01-08,0.0,0.0,0.0,0.0
2026-01-09,0.0,0.0,0.0,0.0
2026-01-10,0.0,0.0,0.0,0.0
2026-01-11,0.0,0.0,0.0,0.0
2026-01-12,0.0,0.0,0.0,0.0
2026-01-13,0.0,0.0,0.0,0.0
2026-01-14,0.0,0.0,0.0,0.0
2026-01-15,0.0,0.0,0.0,0.0
2026-01-16,0.0,0.0,0.0,0.0
2026-01-17,0.0,0.0,0.0,0.0
2026-01-18,0.0,0.0,0.0,0.0
2026-01-19,0.0,0.0,0.0,0.0
2026-01-20,0.0,0.0,0.0,0.0
2026-01-21,0.0,0.0,0.0,0.0
2026-01-22,0.0,0.0,0.0,0.0
2026-01-23,0.0,0.0,0.0,0.0
2026-01-24,0.0,0.0,0.0,0.0
2026-01-25,0.0,0.0,0.0,0.0
2026-01-26,0.0,0.0,0.0,0.0
2026-01-27,0.0,0.0,0.0,0.0
2026-01-28,0.0,0.0,0.0,0.0
2026-01-29,0.0,0.0,0.0,0.0
2026-01-30,0.0,0.0,0.0,0.0
2026-01-31,0.0,0.0,0.0,0.0
2026-02-01,0.0,0.0,0.0,0.0
2026-02-02,0.0,0.0,0.0,0.0
2026-02-03,0.0,0.0,0.0,0.0
2026-02-04,0.0,0.0,0.0,0.0
2026-02-05,0.0,0.0,0.0,0.0
2026-02-06,0.0,0.0,0.0,0.0
2026-02-07,0.0,0.0,0.0,0.0
2026-02-08,0.0,0.0,0.0,0.0
2026-02-09,0.0,0.0,0.0,0.0
2026-02-10,0.0,0.0,0.0,0.0
2026-02-11,0.0,0.0,0.0,0.0
2026-02-12,0.0,0.0,0.0,0.0
2026-02-13,0.0,0.0,0.0,0.0
2026-02-14,0.0,0.0,0.0,0.0
2026-02-15,0.0,0.0,0.0,0.0
2026-02-16,0.0,0.0,0.0,0.0
2026-02-17,0.0,0.0,0.0,0.0
2026-02-18,0.0,0.0,0.0,0.0
2026-02-19,0.0,0.0,0.0,0.0
2026-02-20,0.0,0.0,0.0,0.0
2026-02-21,0.0,0.0,0.0,0.0
2026-02-22,0.0,0.0,0.0,0.0
2026-02-23,0.8,0.0,0.0,0.0
2026-02-24,0.0,0.0,0.0,0.1
2026-02-25,0.0,0.0,0.0,0.0
2026-02-26,0.0,0.0,0.0,0.0
2026-02-27,0.0,0.0,0.0,0.0
2026-02-28,0.0,0.0,0.0,0.0
2026-03-01,0.0,0.0,0.0,0.0
2026-03-02,0.0,0.0,0.0,0.0
2026-03-03,0.0,0.0,0.0,0.0
2026-03-04,0.0,0.0,0.0,0.0
2026-03-05,0.0,0.0,0.0,0.0
2026-03-06,0.0,0.0,0.0,0.0
2026-03-07,0.0,0.0,0.0,0.0
2026-03-08,0.0,0.0,0.0,0.0
2026-03-09,0.0,0.0,0.0,0.0
2026-03-10,0.0,0.0,0.0,0.0
2026-03-11,0.0,0.0,0.0,0.0
2026-03-12,0.0,0.0,0.0,0.0
2026-03-13,0.0,0.0,0.0,0.0
2026-03-14,0.0,0.0,0.0,0.0
2026-03-15,0.0,0.0,0.0,0.0
2026-03-16,0.0,0.30000000000000004,0.0,0.0
2026-03-17,0.0,0.0,0.0,0.0
2026-03-18,0.0,1.1,0.0,1.9000000000000001
2026-03-19,0.0,1.3,1.2000000000000002,0.4
2026-03-20,2.4,0.2,4.199999999999999,1.4
2026-03-21,1.3,0.8,0.0,0.1
2026-03-22,0.0,0.0,0.0,0.0
2026-03-23,0.0,0.0,0.0,0.0
2026-03-24,0.0,0.0,0.0,0.0
2026-03-25,0.0,0.0,0.0,0.0
2026-03-26,0.0,0.0,0.0,0.0
2026-03-27,0.0,0.0,0.0,0.0
2026-03-28,0.0,0.0,0.0,0.0
2026-03-29,0.0,0.0,0.0,0.0
2026-03-30,0.0,2.2,0.0,0.2
2026-03-31,0.0,0.30000000000000004,0.0,0.5
2026-04-01,0.0,0.0,0.0,0.0
2026-04-02,0.0,0.5,0.1,0.2
2026-04-03,0.0,0.0,0.6000000000000001,0.8
2026-04-04,0.0,1.1,0.8999999999999999,0.4
2026-04-05,0.0,2.4,0.1,0.0
2026-04-06,0.2,0.8,0.0,0.0
2026-04-07,0.0,0.0,0.0,0.0
2026-04-08,0.0,0.0,0.0,0.0
2026-04-09,0.3,0.0,0.1,0.0
2026-04-10,0.0,0.0,0.0,0.0
2026-04-11,0.0,0.0,0.0,0.0
2026-04-12,0.0,0.0,0.0,0.0
2026-04-13,0.0,0.0,0.0,0.0
2026-04-14,0.0,0.0,0.0,0.0
2026-04-15,0.0,0.0,0.0,0.0
2026-04-16,0.0,0.0,0.0,0.0
2026-04-17,0.0,0.0,0.0,0.0
2026-04-18,0.0,0.0,0.0,0.0
2026-04-19,0.0,0.0,0.0,0.0
2026-04-20,0.0,0.0,0.0,0.0
2026-04-21,0.0,0.0,0.0,0.0
2026-04-22,0.0,0.0,0.0,0.0
2026-04-23,0.0,0.0,0.0,0.0
2026-04-24,0.0,0.0,0.0,0.0
2026-04-25,0.0,0.0,0.0,0.0
2026-04-26,0.0,0.0,0.0,0.0
2026-04-27,0.1,0.0,0.0,0.2
2026-04-28,0.0,0.0,0.2,1.9000000000000001
2026-04-29,0.0,0.1,0.0,0.0
2026-04-30,0.0,0.1,0.30000000000000004,0.7000000000000001
2026-05-01,0.0,2.0999999999999996,1.4,1.5
2026-05-02,0.0,0.6,0.4,0.2
2026-05-03,0.0,0.6,0.5,1.0
2026-05-04,0.0,0.0,0.0,5.7
2026-05-05,0.0,1.5,0.0,0.6000000000000001
2026-05-06,0.0,0.2,1.6,0.4
2026-05-07,0.0,0.0,0.0,0.0
2026-05-08,0.0,0.0,0.0,0.1
2026-05-09,0.1,0.6,1.0,0.3
2026-05-10,0.0,0.0,0.1,0.5
2026-05-11,0.0,0.0,0.0,0.0
2026-05-12,0.0,0.0,0.0,0.0
2026-05-13,0.4,0.0,0.0,0.0
2026-05-14,0.0,0.0,0.0,0.0
2026-05-15,1.0,2.2,0.0,0.0
2026-05-16,1.2,0.0,0.0,0.0
2026-05-17,0.1,0.0,0.0,0.0
2026-05-18,0.1,0.0,0.0,0.0
2026-05-19,0.0,0.0,0.0,0.0
2026-05-20,0.0,0.0,0.0,0.0
2026-05-21,0.0,0.0,0.0,0.0
2026-05-22,0.0,0.0,0.0,0.0
2026-05-23,0.0,0.0,0.0,0.0
2026-05-24,0.0,0.0,0.0,0.0
2026-05-25,0.0,0.0,0.0,0.0
2026-05-26,0.0,0.0,0.0,0.0
2026-05-27,0.0,0.0,0.0,0.0
2026-05-28,0.0,0.0,0.0,0.0
2026-05-29,0.0,0.0,0.30000000000000004,0.0
2026-05-30,0.8,0.0,0.30000000000000004,1.5
2026-05-31,0.1,0.0,0.0,0.0
2026-06-01,0.1,0.1,0.6,0.0
2026-06-02,2.5,0.0,0.5,0.2
2026-06-03,0.0,1.3,0.2,0.9
2026-06-04,0.3,0.39999999999999997,1.8000000000000003,0.8
2026-06-05,0.0,0.7,0.6,1.3
2026-06-06,0.0,0.2,8.5,0.4
2026-06-07,0.0,0.0,0.0,0.30000000000000004
2026-06-08,1.4,0.0,0.4,1.0
2026-06-09,0.6,0.0,0.2,0.2
2026-06-10,0.3,0.0,0.0,0.1
2026-06-11,0.1,1.0,0.8,1.5000000000000002
2026-06-12,1.4,1.3,0.4,0.5
2026-06-13,0.5,0.4,0.1,2.0
2026-06-14,1.7,0.1,0.5,0.4
2026-06-15,2.0,0.9,0.0,0.2
2026-06-16,2.9,0.0,2.1,1.0
2026-06-17,0.4,1.7,0.4,0.5
2026-06-18,0.7,6.0,2.3,0.0
2026-06-19,3.3,0.39999999999999997,2.9,0.2
2026-06-20,0.1,0.0,2.8,1.2
2026-06-21,0.0,1.0,1.8,0.7
2026-06-22,5.1,4.3,0.1,1.1
2026-06-23,0.7,1.2,1.3,0.2
2026-06-24,1.4,2.8,1.0,2.5
2026-06-25,3.1,2.8,1.6,1.7
2026-06-26,9.8,2.7,10.2,0.5
2026-06-27,10.8,2.6,26.0,6.3
2026-06-28,13.3,7.1,3.2,1.1
2026-06-29,0.4,9.9,4.6,15.6
2026-06-30,11.7,3.4,1.8,3.9000000000000004
2026-07-01,23.2,13.8,1.1,25.0
2026-07-02,30.5,9.4,6.1,31.900000000000002
2026-07-03,28.3,20.0,7.2,18.7
2026-07-04,24.3,29.4,0.7,9.6
2026-07-05,62.9,102.7,61.2,23.7
2026-07-06,48.3,48.8,8.3,16.099999999999998
2026-07-07,2.5,5.9,1.4000000000000001,0.5
2026-07-08,0.8,0.9,2.2,4.2
2026-07-09,5.3,11.4,3.9,1.1
2026-07-10,1.7,25.5,25.4,19.1
2026-07-11,1.3,11.2,12.5,9.2
2026-07-12,0.6,0.0,1.9000000000000001,5.7
2026-07-13,0.7,0.0,0.1,4.0
2026-07-14,0.2,0.0,0.4,0.0
2026-07-15,1.2,3.1,0.30000000000000004,0.6000000000000001
2026-07-16,31.2,24.299999999999997,5.2,0.0
2026-07-17,24.1,50.7,13.6,8.0
2026-07-18,16.6,23.2,1.9000000000000001,20.4
2026-07-19,10.6,17.7,5.1,45.7
2026-07-20,18.2,16.7,12.9,3.0
2026-07-21,30.6,47.1,48.5,7.6
2026-07-22,26.9,16.6,25.3,6.8
2026-07-23,5.2,4.6,1.7000000000000002,1.0
2026-07-24,1.3,0.30000000000000004,0.1,2.2
2026-07-25,1.1,2.2,2.5,0.0
2026-07-26,6.0,12.1,16.2,0.6
2026-07-27,19.2,9.4,24.2,13.200000000000001
2026-07-28,29.4,59.7,42.5,70.8
2026-07-29,56.3,64.4,25.9,10.6
2026-07-30,10.2,2.2,2.8000000000000003,4.8
2026-07-31,1.1,1.9000000000000001,2.3,0.7000000000000001
2026-08-01,1.3,2.7,0.9,0.1
2026-08-02,1.2,0.5,0.0,0.1
2026-08-03,4.1,0.1,7.5,9.299999999999999
2026-08-04,10.1,7.0,12.5,10.700000000000001
2026-08-05,10.0,11.3,8.1,11.9
2026-08-06,6.1,8.7,9.0,5.9
2026-08-07,11.6,31.2,8.0,11.2
2026-08-08,26.1,16.6,2.0,0.8
2026-08-09,18.2,10.3,2.3,0.2
2026-08-10,1.0,3.6,7.1,2.7
2026-08-11,0.3,9.8,0.8,1.2
2026-08-12,6.7,1.6,4.3999999999999995,3.3000000000000003
2026-08-13,7.2,12.700000000000001,2.1,0.5
2026-08-14,4.9,47.9,24.7,4.0
2026-08-15,12.7,12.7,4.1,7.2
2026-08-16,28.7,24.2,10.0,4.7
2026-08-17,20.7,18.5,3.9,8.2
2026-08-18,13.0,43.7,3.3,6.7
2026-08-19,9.0,22.5,1.4,0.7
2026-08-20,0.3,1.8,5.3,0.1
2026-08-21,4.5,9.6,3.8000000000000003,1.7999999999999998
2026-08-22,32.1,33.4,11.4,6.3
2026-08-23,15.2,9.1,13.0,8.6
2026-08-24,23.4,17.8,32.1,11.6
2026-08-25,22.3,4.1,2.0,9.7
2026-08-26,3.0,2.4,4.7,7.7
2026-08-27,17.8,2.7,12.9,10.3
2026-08-28,4.4,2.7,1.7,2.3
2026-08-29,8.9,14.8,10.2,7.5
2026-08-30,29.8,57.6,54.2,6.7
2026-08-31,11.1,47.5,19.0,1.0
2026-09-01,0.6,5.3999999999999995,9.0,4.8
2026-09-02,5.8,12.9,0.7,0.30000000000000004
2026-09-03,9.6,61.5,5.0,0.4
2026-09-04,2.0,0.7000000000000001,3.0,0.5
2026-09-05,2.4,0.7999999999999999,0.0,0.7
2026-09-06,1.0,11.5,12.7,4.4
2026-09-07,0.4,1.5,1.4,4.9
2026-09-08,3.1,4.3,3.6,6.0
2026-09-09,0.6,0.30000000000000004,4.9,17.5
2026-09-10,11.2,26.2,38.2,19.9
2026-09-11,38.4,57.4,21.099999999999998,17.2
2026-09-12,12.5,18.6,3.9,16.3
2026-09-13,2.7,6.5,11.3,5.6
2026-09-14,2.3,4.0,2.5,0.2
2026-09-15,0.5,0.0,0.1,0.0
2026-09-16,0.8,0.8999999999999999,2.3,1.1
2026-09-17,2.0,2.6,0.7,0.0
2026-09-18,4.6,2.1,2.8000000000000003,0.2
2026-09-19,1.6,8.8,17.0,7.7
2026-09-20,5.5,3.7,11.4,3.7
2026-09-21,0.9,7.9,1.1,6.3
2026-09-22,3.9,14.9,15.3,7.8999999999999995
2026-09-23,23.0,11.700000000000001,23.5,8.9
2026-09-24,41.1,5.2,10.8,16.7
2026-09-25,121.1,131.4,20.2,18.2
2026-09-26,21.6,10.6,6.8,4.9
2026-09-27,0.6,0.6000000000000001,0.5,3.7
